neuron Wavemap,dates,t1,t2,t3,t4,t5,t6,t7,t8,t9,t10,t11,t12,t13,t14,t15,t16,t17,t18,t19,t20,t21,t22,t23,t24,t25,t26,t27,t28,t29,t30
0,1.0,2.3886741395442037,1.5747999163532842,0.4668153233130052,0.1661948388304078,1.0383050758165888,-0.29190702950963066,1.018082681315912,1.9988540540495094,-17.08115977076378,-33.7838058232565,-17.623714695072678,1.729412879869565,6.260516575158577,10.588470974152957,12.645984993508007,10.258824382708887,8.479167274994046,7.288794312054388,5.864245227075834,4.106233047931175,2.5655926832030578,1.3250669690167391,-0.7663278781262545,-2.5262372466948184,-2.3876722541548294,-2.2039960100678924,-2.5455283684505914,-2.394669859690205,-2.371928180546034,-2.5171434196281273
0,2.0,4.7659003862142955,3.255480888006114,0.9876409774604573,-0.3644898747319499,-0.503753942324867,-4.011121606541243,-4.013496605834564,-4.293524536523115,-27.171096677227155,-46.16153011216812,-28.44248903985392,-5.398438236612086,3.830420378184508,12.714707182682035,18.39163712753899,18.18103247965415,16.77514288954668,14.3436283817641,11.364989418267477,8.59513643763047,5.957309328594074,3.7625921386507954,2.0985168960249228,0.7313426932941888,-0.5047729132999356,-1.5064741972872597,-2.2330236208980248,-2.8084804579264775,-3.270162082902011,-3.742260633249175
0,3.0,2.4296392563075604,1.477970154151851,0.004596906690796114,-1.0622997272199282,-1.091268333123741,-3.7756601714801876,-3.077684785066373,-2.1101477711869765,-19.591009314242974,-34.40505037069244,-20.257660608666335,-2.5100826467904094,2.3080005926501195,5.744882850652729,8.785687190144907,9.393726664225401,9.543921518240971,8.794288644116628,7.36786907492825,6.11156424257606,4.8996277047685375,3.7063050617220332,2.762689905088496,2.0156861031164413,1.1747597375223555,0.36337577324800885,0.028024184952876233,-0.29631041658038615,-1.0079103058333096,-1.496019295785783
0,4.0,3.1122908181288125,2.0350126007047096,0.598441373467651,-0.5735096063123781,-0.808950157873373,-3.510094325590453,-3.536931255704367,-3.2672685428706902,-19.49091876438634,-33.190087822396535,-20.269814614659797,-4.103028568740682,0.2856210062953177,3.981311176948356,7.3642642215076135,8.095970769502273,8.365253421131433,7.981687984732793,7.094695787426026,6.200240671451757,5.3133678939197395,4.507937412307416,3.3527703998512295,2.283686976903342,1.861383725951267,1.3081148629840467,0.5604031256022789,0.1060556087912663,-0.33763988267007683,-0.9724674291490609
0,5.0,1.78910618591466,1.265750567037351,0.4132596563328131,-0.4225709004556955,-0.29551294874495687,-2.4668491969363875,-1.7224413122683724,-0.7039468212051808,-18.551807301013973,-34.13089480247264,-19.13625150541038,-0.22254002596537026,4.609253033802137,7.6638133624024265,10.130590573994404,10.181708040896837,9.681954978307177,8.463494694885513,7.070127194468473,5.88176500372527,4.8167500029626495,3.4715311218541824,1.9375566858158306,0.9972648117749171,0.24724442697259505,-0.619308124628152,-1.1788371707957055,-1.4904299509508863,-1.7490240119163476,-2.131256396603584
0,6.0,8.117617396558769,6.00532251696097,3.5152606099702615,1.2832106454110852,0.1461425134592661,-3.535344232076045,-5.014031880532139,-5.852166702030089,-23.405068146494663,-38.20256025299752,-23.80939111273187,-5.965111043776843,-1.4024339105782886,2.8341078107606834,6.66817108230451,7.23593486565496,7.2303452250911,6.636765190581494,5.84834608851254,5.2577091742811914,4.718315143519162,4.196110448329501,3.4097346946882814,2.5197670656505484,1.7961350041277455,1.2829637870119377,0.8681139620032022,0.3936519256492664,-0.020450563757516048,-0.4609817535594796
0,7.0,1.6634858862121955,1.6587975040077283,1.1172777635231774,0.6887197019042675,1.334704327031127,-0.8427039037545458,-0.4736512721949106,0.15138933272838553,-18.375883707255337,-34.455965734777784,-18.76786387013218,0.7066925617165901,5.096835944580697,8.332586246360977,11.584964146385108,11.703991084273001,10.974968804636811,9.705339322315574,7.939231621379075,6.132441710868345,4.454885118611788,2.7706808219547647,1.2819394502212758,0.2961130746961239,-0.6100146666554069,-1.4515672568536733,-1.8673975725513403,-2.201396912523198,-2.571030858908994,-2.8301336886004096
0,8.0,1.8448804505770573,0.6974428544444734,-0.7767298359144555,-1.9065485569020681,-1.0595171918331203,-4.2415413934303645,-5.341963134279224,-3.677856960169638,-28.203288952404534,-51.498876707051316,-27.987091156991784,-0.013876089374598612,5.460894940459123,13.310217997358478,20.507159747477672,19.99732683613833,18.48823318841325,16.454516999041985,13.230166689393046,9.979912641639332,7.385843443185553,4.876036916261762,2.4630836949821195,0.8845487006096082,-0.8443535778213361,-2.770503107829343,-3.63262239317381,-3.7641508710296967,-4.147557490909479,-4.747208755434364
0,9.0,2.1972704801057015,1.7734337368251596,1.1173241944831196,0.8921777731045384,1.3309478330214362,-0.7904161947898506,-0.8930458326668234,-1.0673374899138086,-17.21834899812981,-30.854573102733482,-18.064515593594685,-2.376553491504201,1.532447269876667,5.41988698489914,9.107396852865461,9.537761438131035,9.200550625363011,8.55675372258692,7.400941626500464,6.175848147099034,5.178836201837514,4.15808657747363,2.919506546638466,1.7813625481468183,0.8980249434532181,0.12975290249974009,-0.48701353404847025,-0.9038323641341292,-1.3067143004750026,-1.7396704192315413
0,10.0,10.48125748330207,8.230669026323607,5.766511538327769,3.4543431344335187,1.875483936192516,-1.6008704657445398,-4.310195461909571,-7.303175310833983,-23.204678915374146,-36.059813497401734,-23.337263676692313,-6.8334410272853034,-2.458932305014209,1.080446752034808,4.514331375166752,5.091891912047147,5.39927583070326,5.584865847551234,5.337248932085389,4.94731863257276,4.600284069816924,4.081838505054096,3.3075530867778613,2.6860421876811515,1.9918481106288861,1.1562780887625712,0.5913586541821755,0.1646247652005898,-0.2856909800510268,-0.7168300903556565
0,11.0,3.600590923526945,1.398162885529537,0.021075136831118804,-1.0797106391206732,-1.7475894933021638,-4.738016627207929,-5.600761641869163,-5.229532153405087,-22.262098219784853,-37.73680947211755,-22.6696197593979,-4.378102893666721,-0.4155786588000693,4.13162444361857,8.389526016408174,8.881588899547967,8.74427708903937,7.924650490500887,7.188619918980304,6.932534025982856,6.2562222231948175,5.2849725890655375,4.243470103417103,3.1880390580002325,2.1737264810518795,1.23001425277331,0.8980456329216565,0.5737306041302703,-0.6111253359555129,-1.6081821411822024
0,12.0,2.1594276470265314,1.1607004865217694,-0.12037943978961667,-1.0609515887112155,-0.8693347648073841,-3.3683784520465077,-4.056162722866987,-5.752808831815316,-27.28425027638755,-45.14008138832821,-26.83532853301901,-2.7280614094424935,4.649926510573324,11.423295301400904,17.65002673024476,18.069006196680007,17.296303436179,15.813804686670089,12.8565047613922,9.994144502213762,7.754735625625032,5.4645659345765845,3.1188962189415634,1.2471120516409195,-0.1867829692922495,-1.3843420075485013,-2.0802091811956425,-2.6861815960286406,-3.5512985959441083,-4.060749318357542
0,13.0,4.916447572637652,4.137448721771275,2.897811286996322,1.5368780657942729,0.8912350313490462,-1.492706207884252,-2.4426979774587596,-6.820060912087899,-28.70806827736634,-44.74872424098056,-29.34642556877825,-7.979222258534943,1.6697728883391447,9.68682885887187,15.651021059632399,17.174836477506712,16.94801838550327,15.618994029811562,13.690873456808998,11.171614149336062,8.608086989715485,6.5273010819547945,4.525332936447099,2.7113906124198692,1.12339143005249,-0.3797381455203159,-1.6797431428752334,-2.556176776392653,-3.0516576467217504,-3.644142322977089
0,14.0,0.7006214372689118,0.5983058965145309,0.3884241023171391,-0.26595334392606845,-0.11072276916025962,-1.7112487846779736,-2.0216765989350494,-2.1538256336431774,-15.480333977797713,-27.02747696169958,-15.696691139345214,-1.2999689567256212,2.7305455679675124,6.504085424489982,9.924414480748986,10.555584968234566,10.630031174530043,9.859205236953432,8.410217348874939,7.043009367504779,5.531105113170585,3.8655669341555106,2.2962170051927235,1.0155455025551317,-0.03132611712349598,-1.0299854766190109,-1.8313458848548536,-2.4549860146439415,-2.9307288906456606,-3.037194633321705
1,1.0,0.4149143896847944,-0.33504712227908084,-2.0791027087586693,-3.8648316334980675,-1.1389979780566728,-6.627810460097608,-2.859435301111165,1.98645580730743,-68.97631512811705,-132.83590340277837,-70.16645552593769,21.45960683574586,69.06645901253117,95.69030232055118,92.02899558136642,70.15097946987193,49.7823308649725,29.276707654698438,12.317744803175197,0.47058280681397485,-8.7442604796137,-15.73531034424243,-20.417111662260314,-22.603091677331957,-22.95960411479847,-22.716417107064284,-21.21051043334707,-18.210809485651215,-16.20585318674734,-14.970379970452093
1,2.0,-1.0707864369592641,-0.8942566587318389,-1.64900974202811,-3.7206759273109027,-0.5637159510194146,-7.269368462213458,-2.5624870749332693,4.017581502241685,-79.83513647858048,-154.30129791677072,-86.51483997450927,1.064768727123343,38.99592659619424,70.49981087894079,83.42965627331401,79.58667600790129,70.82815385194532,56.25521530480547,41.40314776032157,27.558799525264426,15.659322655791646,6.2901074203952145,-1.4832443971171394,-7.604245869976749,-12.575344950420558,-16.374336525542503,-18.64313407788179,-19.742218044179857,-20.02590658641896,-19.582372205599867
1,3.0,-0.9227953296359082,-0.3624815180808614,-1.5666221759680168,-3.4203602206220673,0.7740137099222303,-7.6870965695746944,0.6269945326617623,15.324745191560696,-65.40182279301497,-137.40789283561867,-75.81137839002936,-5.276944357014598,23.012368349494793,54.02336664035605,70.4546253649783,72.88778247045155,67.90978071159634,54.09145385766065,39.81037364815307,26.29775744465975,13.790082032644777,3.7075424619201955,-3.7848607914222727,-8.96635294346795,-13.136418436920222,-16.095536642441587,-17.399258566744397,-17.868130961305756,-17.670492106330876,-16.992830203436306
1,4.0,-1.1794793762936244,-0.6019260765535149,-1.3925472892153457,-3.1421177057009015,1.0418490964919809,-8.661343811021585,-0.0991409501118285,16.25955922082298,-68.7229263756898,-145.57903756629554,-80.88189917790955,-5.846443696774717,23.521510860835885,55.63374608046896,73.96175853799109,77.49419091301641,72.57546607107449,58.31289246087759,43.0155117193505,28.137757881040695,15.438800030174603,5.730050336811825,-3.095569014724704,-10.26667207012454,-14.6688707098331,-16.967127251750295,-18.109885109889518,-18.457900333630462,-18.441074666286628,-18.236205014062016
1,5.0,-1.433349138701316,-0.8960563718623933,-1.9122911086689756,-3.1555270817353294,0.4838493933117483,-6.783103913812283,0.1758307991819919,11.1830182182445,-59.42432337162251,-121.55274702464789,-69.31946946954658,-8.221691767582266,17.27968283812227,44.57279122525558,59.61091357961028,62.821320407685896,60.756492339703605,52.476163696210826,43.00568519053831,32.32181509506676,21.61844525806881,12.231145765727595,3.832937133944519,-2.7650954320310595,-7.930389964671119,-12.118294919838162,-14.791882105660296,-16.412022778590046,-17.694903215325308,-17.998650642165398
1,6.0,-0.9318867771680113,-0.4245040179227585,-1.4676192789072238,-2.6001260520231764,0.4961263371761064,-6.556183738981435,1.216144729585281,11.358058411884446,-58.78374930928671,-119.62486418492381,-69.11634350932891,-9.787380807059906,15.249184196131285,41.588111336687845,55.72203085000187,58.774813260640386,57.62551324269414,50.61757390644253,42.30467081197242,33.16018058644414,23.543307538174968,14.503372891810258,6.19461545316195,-0.48352580147832225,-5.617113808348399,-10.064940060115065,-13.43415088503215,-15.587069167498884,-17.02175360950697,-17.713304926203723
1,7.0,-1.4703353395496828,-0.9082230617450118,-1.9399349227273914,-3.5086421670004584,-0.14275061954387758,-7.779446925039452,0.22904676452955006,12.619218537732737,-61.438806562544485,-126.8241499886838,-72.08733577667195,-8.922779424719728,16.788360226158638,44.62821698265071,59.26387029280835,62.00610758827835,60.05528759694789,51.88499916074032,42.44545049565904,31.96465387041771,21.87486015729492,12.996446106667351,4.778293308130262,-1.7568406698753634,-6.723938103645534,-10.5246948306385,-13.416774258629047,-15.623859156468663,-16.892637428736013,-17.304179568160972
1,8.0,-1.529021918920202,-0.5583975907561203,-1.4586893761929187,-3.0075975995099338,1.0331717129481282,-7.237478052285234,-0.48024534317327,13.842614676503903,-62.360420212016024,-131.97566406252665,-71.37995811393343,-1.383375029448429,25.30311300974492,54.224056832274336,69.14966890576578,70.15229565629645,64.46023190526867,51.45942000585845,38.3291009977725,24.812708991362108,12.779575119176814,3.9788633218080234,-3.9030519250241418,-10.44514353310841,-14.537974748696938,-16.98302961649219,-18.673069304131783,-19.378811091708123,-18.365498391679417,-16.72973019024986
1,9.0,-1.299785406872225,-0.8409183342943445,-1.8252076338468477,-3.448739213553105,0.011724412313153023,-7.207078043548968,-0.5865530881393162,11.047379947127906,-61.22558282351486,-125.68877660722656,-70.40022085967081,-6.7851824630972315,18.171150230044056,45.42417957761295,59.806177425367565,62.34185568199268,60.2676827222433,51.910789089234214,42.719387257546344,32.80540942517658,22.645611339604624,13.539805955969156,5.652581974084599,-0.6931566439773311,-6.0591097435205485,-10.529977773532613,-13.68618094884769,-15.728508540133,-17.16709951032443,-17.979483554488414
1,10.0,-0.9094338598281478,-0.5624588020558905,-1.4803062583521438,-2.5687179432159675,0.10094068170269857,-6.461288373204944,0.953125142218283,9.248686286413971,-59.00521432190463,-116.85286173765873,-68.38470885692139,-12.425680919302492,11.303029944118244,37.29155673312046,52.073013688525776,56.36470027260336,56.32930081566718,50.44858780910374,42.98103140899788,34.10427017217092,24.529306544537512,15.709821347944748,7.899180971827699,1.566158198509159,-3.568054685794495,-7.944078475381657,-11.4622215904648,-14.029703763098876,-15.597437161845825,-16.239675014780033
1,11.0,-0.7318678054278643,-0.006097292304893171,-0.9231014631051847,-2.4350168103712364,0.529614493136654,-6.040737750888261,0.3597738070097297,10.707843673860545,-54.84260894530546,-113.11475075506466,-62.367712783776874,-1.7492110439355737,24.126068270595194,50.18674256002698,62.38549497904526,61.13876453575113,54.193354712753695,41.75774098792443,29.719886408909964,18.400647504241025,8.525477416038077,1.2182210335964334,-4.604704256897588,-8.853788513111752,-11.703217706136606,-13.485323121005528,-14.000222548541023,-14.34043957932674,-14.63901268716739,-13.780032647070977
1,12.0,-0.018730687565825507,0.4167807827959823,-0.8074380431258297,-2.31832482865613,0.18982598960985925,-6.058572604623549,0.9665591479724962,8.515051532809526,-56.77104914556174,-112.0851875373113,-64.46519662925083,-6.610190288496781,18.84268315504876,43.76156700333904,58.17170798256306,60.81935301189317,56.99193364822709,46.690380750835764,35.26667485908253,24.53024107669312,14.35684949356174,5.459785766560928,-1.2896199734848344,-6.521984405141486,-10.568521862713649,-13.154718279461129,-14.786036280261804,-15.15793335172951,-14.786225671376348,-14.405575194082717
1,13.0,-0.6178872294086937,-0.6475322708760713,-1.1774646731497416,-2.9763095815424525,-0.7049347012997791,-6.430416523491574,-4.109706012559487,2.519524595259577,-61.61023133246734,-121.38631164108278,-64.16551743713826,13.187946712393396,50.51123161673448,77.63500008005103,79.02187771157116,63.41839117222987,48.62459600451887,32.888523204411776,19.820630632431257,9.250014916808889,0.5176319489680206,-6.2238463279245115,-11.743305385075224,-15.293966131335408,-17.28727490646134,-18.26568879308941,-18.034203139662754,-17.08460705277064,-15.555504926923321,-13.813956543097802
1,14.0,-1.2340508702292257,-0.755326754551615,-1.5683430524865571,-2.115355177860953,0.39756935341096666,-4.674799609189189,1.9749547996012458,7.309879251089497,-49.197735229856214,-95.8948418308825,-57.73473413457423,-11.554132632488239,9.565209864127631,30.889855882718404,43.93435127002871,48.174297176927276,47.526157652348054,42.10236187687947,35.23710662942429,26.91474589917835,18.335545744039354,11.150530831273405,5.191031933538454,0.1918879352115298,-4.08009183805822,-7.582251644791992,-10.113341803155489,-11.89344893122538,-12.989044320159413,-13.383217672858255
2,1.0,4.033781105689159,3.7078155826443058,2.6105461022942014,1.3969309086076032,0.7811092961496473,-2.2488901362758655,-2.250686462542143,-2.953562968871463,-22.335977654828152,-37.941368762289365,-23.554221716985193,-5.436796328794409,1.1792577236519328,8.243084622746387,13.9239089949416,14.978878260570214,14.535851298704571,12.970952872679467,10.826972974738666,8.567273913626476,6.320924336360878,4.734045438678428,3.1551618097506,1.4325085021104422,0.294872870978725,-0.6871911101196999,-1.7023506636754373,-2.2687204099264013,-2.6514687556832435,-3.0448800320547234
2,2.0,4.0053947702401596,2.999305721220739,1.5618878115154122,0.7801461528219579,0.6934614877215123,-1.8848664641530095,-1.993860902090003,-2.922481466431227,-21.414845624487892,-36.376100001470604,-22.274998813863196,-4.745472222495838,0.7644884456353465,6.885922961164818,12.208536346232595,13.394401404908216,13.590378436463231,12.461913406189131,10.219805994062867,8.180398284376196,6.634735279159638,5.03267858999673,3.0961277274613788,1.709074689897813,0.6075051290303534,-0.7954628852754475,-1.5571826312198032,-1.9785725325318237,-2.949724510180829,-3.516646026704536
2,3.0,4.5140930175626375,3.9964258524858036,2.93420210363664,1.9253112089046038,1.252890395563088,-1.543279870444748,-1.952852413981271,-3.3708821042623343,-19.36304080337844,-31.774003728314447,-20.303326905289577,-5.827617458671275,-1.0521537808282706,3.7475988778254696,8.083621350611295,9.251268866302603,9.595901184369382,9.339948976986577,8.282898900764598,6.994400000968283,5.961789752561039,4.894330977707971,3.5429006614417426,2.595359957063741,1.8746070035286435,0.9310871662820479,0.15197930464481027,-0.3941981500685986,-0.9520173526604963,-1.572206154292124
2,4.0,4.738554849189769,3.8872706118672107,2.364739405633228,1.1734459783243898,0.5048803097634857,-2.282648019109092,-1.9088749282963022,-2.6955059778206545,-19.708683467713836,-32.85447965633725,-21.053358031431593,-6.419226835051625,-1.0564799024423814,4.790610966047526,9.792242886775066,11.235752871919528,11.456316862007428,10.8364610394153,9.413341591500302,7.624446948930768,6.069918824181538,4.79538113142394,3.356828625094352,1.9992580519665561,0.9024152821214413,-0.04248679537326944,-0.9367250674888381,-1.7527599220845016,-2.193573143977163,-2.4024097685435013
2,5.0,4.109497559041605,3.619109581561647,2.2835675667068482,0.9719898137327825,0.616667535141557,-1.9431460117270127,-1.9795843906094501,-3.004442124162553,-20.45111895466333,-34.04996643887945,-21.414487205034575,-5.3058171827728415,1.1281750435159357,7.372133479783801,11.771887916349254,12.26422903866624,11.954354861888557,10.914216417454861,9.21677190658124,7.429421645467199,5.679702737592353,4.137923510727093,2.5837591444577446,1.1119380769851464,0.057767118785925047,-0.7136699600158706,-1.4212242109325923,-2.0147594185491586,-2.5191511079302815,-2.8774062378303085
2,6.0,5.421271251673762,4.523479469607947,3.0256064680173886,1.7877635256432445,1.0168240612867743,-2.0905844545431185,-2.1687618126480093,-3.491140144967411,-21.625254779231053,-35.53785603053637,-23.037866415528438,-6.894376670604595,-0.08474480164785397,6.328762305665863,10.962330582590706,11.916856719173012,11.59854003980951,10.479684420114152,9.133343044464517,7.717597997984728,6.222219345808015,4.8013189478306115,3.3016911566235314,1.9253826668823588,0.797573903829951,-0.15422703404297253,-0.9193791707376451,-1.4563445940497697,-1.8879509887035804,-2.3752399844224716
2,7.0,1.973003353936299,1.513905867590537,0.4637621818565282,-0.2528623338337081,-0.28598307366447184,-2.4321930915683203,-1.451427066173175,-2.105965108518946,-19.930893013624395,-33.574330288526795,-21.420253092684465,-5.512721625592228,2.1484488224513525,9.49978160537692,14.450969803491736,15.192205233029021,14.452748689556689,12.79027044054695,10.392803935865665,7.893038025613845,5.773250287346183,3.9190418256064077,2.1193612513602074,0.6731705613230995,-0.4268250142557092,-1.4760656489885917,-2.396537904635221,-3.118750630646693,-3.5973714833003143,-3.6896084624094807
2,8.0,4.275021979766065,3.6989186362959803,2.374078390112566,1.153932902911955,0.7990245766209361,-1.9123992061270232,-1.3669631544167942,-1.7879311889454494,-19.658556540241136,-33.49869300365172,-21.326282326401873,-6.114402420532532,0.4653010383071888,6.877865019769724,10.840012119484708,11.22796179125352,10.903316679478452,9.832874533312697,8.283859819807244,6.709504298840373,5.2155714766597665,3.994711044694022,2.9580444566241653,1.9928538259578543,1.0110248828205157,0.058936114536731685,-0.6843264444519029,-1.2812364979669941,-1.895039039232357,-2.477923669329032
2,9.0,5.925615698407918,5.28361296917482,3.9939870116498173,2.7592799336767757,2.075584410681165,-0.9138130435874942,-2.132914389406882,-5.127533517981868,-23.599404043647972,-37.36530715412736,-24.62692792160138,-7.3615552238064925,0.4112016426144567,6.843671357874615,10.995777787659108,11.439847628869057,11.191821779381195,10.38571206320992,8.943065139432829,7.503807626568671,6.241132266430271,4.929956296226869,3.447096902164047,2.0999331192905597,0.9311630795054867,-0.04738294326949089,-0.7360125046395527,-1.318689364626152,-1.748963733949421,-1.9854103757576398
2,10.0,3.43878784295828,2.6161163419213094,1.3515341069738087,0.3654362685769522,0.17401462867837278,-2.4093714727268303,-1.9668370844821648,-2.378960678458763,-20.747566664881315,-35.3243278604182,-22.010270907021503,-5.115250391962385,1.7701275060256687,8.232373570862407,12.445278286461189,12.893575795145761,12.440168788331036,11.18536496150768,9.493971779686579,7.649034734600167,5.814477094469494,4.217204088867754,2.62759880684048,1.2753668362279302,0.21200127623228313,-0.7202969492853474,-1.3743261879168027,-1.9210725490265925,-2.3772210485246412,-2.608721395459244
2,11.0,3.483973660424169,2.7160835224723914,1.5406404637525135,0.7269759984518116,0.3788443882899215,-2.2710880538581417,-1.7689403795031367,-2.3824294619677744,-19.664710480074387,-33.08478211403876,-20.94370782429202,-5.381972399248313,1.2497588393194807,7.466736398441696,11.684111937883316,12.418476124413733,12.01689822493598,10.644772621200918,8.989249692989155,7.357778720502255,5.676252174311458,4.1530232627420824,2.56452640857909,1.1733035638904248,0.3244824834947366,-0.5077075396176277,-1.3558722448570293,-1.7738506082942642,-2.1844877211420934,-2.747091289700113
2,12.0,-0.3579220778639297,-0.7572015305699115,-1.5040020728735928,-1.7965488540355463,-1.0593304613138737,-2.887893961497779,-0.8290438199106371,-1.2498704326319245,-24.284330231686045,-42.00265132809657,-26.3028818669233,-4.90269364771055,6.875333815819517,16.638550642638965,21.762141602687365,22.41079421181509,21.266405929234782,18.376677521233905,14.937663851152449,11.421581073000278,7.9750568958634585,4.930335702854169,2.062439693560238,-0.6358323883642685,-2.825701369805381,-4.5538003406722645,-5.978502227924611,-6.822999022399612,-7.02475254594478,-6.854987579073607
2,13.0,4.321005579261136,3.4174751649071724,2.0362940378710057,0.835322280995203,0.25951739646903693,-2.2656396997530224,-1.8184961273203828,-2.6133450795802133,-20.369573994855312,-34.270335232910966,-21.696197336062138,-5.389653037313756,1.5474562420430629,7.86237747665943,12.063223431037606,12.538322422188987,12.016525792846364,10.74141111594764,8.875950051898295,7.11083479165783,5.528670338133138,3.9731722554754985,2.636912436016256,1.5226985524506764,0.4524869299981344,-0.44263210516482693,-1.1360339243683033,-1.7285270437890718,-2.2466962159943287,-2.637694039509502
2,14.0,2.692279274767638,2.3308944231601707,1.5011968656332697,0.7424323699552229,0.4774248295899491,-1.656249691953394,-1.268478973466208,-1.7571646297146466,-16.310767594965593,-27.672319216983166,-17.429636615046928,-4.716652508920456,0.2977618346229112,5.578564381585185,9.382306511594281,9.970962357742714,9.780983608379577,9.053920195924468,7.720731851080052,6.199433279935625,4.892193647939599,3.64667422354944,2.4005538225141727,1.4423415556598678,0.5035681534397117,-0.49626205852086086,-1.0740707683912885,-1.3116203964802347,-1.6472998158690808,-2.04657998255476
3,1.0,1.7369418760118296,1.29230909940884,0.9875403765207437,-0.13399319249166738,0.08135821336276286,-6.655050259589445,-3.672728967959126,0.7278221762647664,-47.52857047014259,-87.63968931354337,-52.018460986733196,-7.512482160784627,20.140905373449957,47.55508954350376,57.356953084937885,54.45199290413443,47.409437405021635,34.18949230928417,22.07266941676288,14.456808128813782,7.472420824192607,0.9879353645176756,-4.2206946357686,-9.025913150542776,-11.13259027821184,-11.178244962065188,-11.80245859095251,-12.237747611747196,-12.506288561655913,-12.186587452734335
3,2.0,-0.36927473786975823,-0.181101204536557,-1.2251008905792742,-2.474706169364794,-1.3494005215355465,-4.314307226927456,-2.995228348607177,-1.603671154177974,-32.867616859443295,-59.38410361123973,-34.857379942656905,-2.9037846291208615,13.6093356117499,30.043984208593173,39.02824886614846,38.45192005777062,33.346049852085166,25.787842598989823,18.887801964602932,12.390894288299044,6.066478896877953,0.796998813233855,-2.9370304670861214,-5.282171253789004,-7.126572042011135,-8.870837709646914,-9.887900203950148,-9.50369108846019,-8.86698055981362,-8.913058655123042
3,3.0,-0.2945842566974467,-0.6783815001196377,-1.7308203717494106,-2.8356999665207128,-1.7692317932669128,-4.031709469894864,-3.2931733775779963,-2.278008080006339,-28.695835570606913,-51.422317015532535,-29.56187981245448,-1.2702875134357825,11.727787687803621,24.676115797933427,32.547076886437594,32.20367551590564,28.4053712239243,22.758349871890424,17.038051793339985,11.800331795208539,6.8891034249676695,2.5336915158415123,-0.7565377941151792,-3.337457183047586,-5.86222794966556,-7.548104235570987,-8.270745785925904,-8.884026972232185,-8.836528456479726,-8.350850512681783
3,4.0,-0.04573544845630612,-1.1185738419786893,-2.3720284289610993,-2.850843437413737,-0.7607206776907225,-5.362694548756825,-4.404025186559926,0.8605974338499919,-43.87706142365115,-86.53546269236423,-46.95938932065509,2.3871192973212096,20.97668558555246,41.541834910053566,53.205310908096834,50.45136691342593,42.83905022472433,32.31663338211094,22.04310926645703,13.147158617285868,5.762365788053575,0.0798481985499244,-3.8533024989168827,-6.818700599734918,-9.435925988975349,-11.12174659685639,-12.049554320405981,-12.3429129739725,-12.121363170526116,-11.722334827846273
3,5.0,1.6793822885303444,0.9566466100110761,-0.3606372044402566,-2.752345265302482,-1.5631022193795105,-6.621203849742829,-4.612432563831432,3.4034054947599253,-46.113536844504026,-94.30013253545424,-47.7974484484558,11.572688196141275,35.96883785698779,56.66196625383578,59.42444984318959,47.649966369144295,37.07184617505836,25.173422909237345,14.633253093361708,7.60782685031368,1.6401543017876163,-4.418956203629494,-8.283932679693539,-10.251024256936386,-12.5798383332028,-13.188484403540382,-12.272927558480934,-12.265162662605542,-12.16696629604179,-11.458641311096233
3,6.0,1.1250741802469606,0.7611436805308115,-1.2162153746852922,-3.826595374871056,-1.9302987982884283,-7.64082809948376,-5.624931715938245,1.9644338965250852,-49.69452958377346,-98.14081359306691,-51.99294604619658,6.195183284702366,31.8686425794645,55.400846325705146,61.62379525578555,53.083145011353245,43.38211555368369,31.167732537767776,20.54216772501805,12.005308590259318,4.039576267618148,-1.6595351947019188,-5.266308382517645,-8.637256551017126,-11.068680596163663,-11.835919916909651,-12.404148932446377,-13.300009661594421,-14.275992592487201,-14.139007159499569
3,7.0,2.0232976483033207,1.9034632756641232,-0.04223146223701565,-2.8141819776851342,-1.3098708792542826,-7.035008599386552,-5.536826460971878,2.571725980205866,-48.24182895108805,-97.47254655465355,-50.5583190215438,8.954495794879948,34.39937522027709,57.43311506447804,62.061200344699685,51.26422930048136,40.22026798524795,27.82862079693438,17.538716262947666,9.39039493526706,2.2390887417867877,-3.3736923826314675,-7.376053288500882,-10.135047449956996,-12.262021747506742,-12.999534893939654,-12.834430724241399,-12.917763859021534,-12.657643355160552,-12.023125272735447
3,8.0,1.4391587510282993,0.8568419869881971,-0.8803737679364926,-4.413265363803556,-1.6320033701229382,-6.263683355628402,-6.850934388048901,1.0798429771911808,-54.40893353440503,-110.0212211127784,-56.031275574365594,12.735266582892395,40.700970587918,66.5588663467966,71.82389307817981,58.67462650667124,45.67196932292064,31.806159739312438,20.702786013522058,11.642509108403008,2.7554631664025293,-3.848990857051388,-8.279006538747888,-12.049909919896885,-15.02264994266045,-16.660751025186986,-16.799875326264,-15.858844099340052,-15.095260939417992,-14.001854188499243
3,9.0,1.222742100528056,0.7654365197637402,-0.6295105383308647,-3.3354222797825184,-1.409807729283003,-7.254633155257615,-6.108927873526477,2.6407033163351903,-54.09226118483953,-109.13744066250383,-55.45282263690957,12.46150962942923,41.214985784803936,66.29607078965788,69.85585230419659,56.00852282758672,43.154467299561375,29.256400481432692,16.962882029989846,8.181482533513234,1.9524114600793105,-2.838318194499959,-7.298032046152053,-11.392256091863526,-13.951923162900467,-15.041577117969398,-15.800995208253479,-15.662243052018843,-14.72354354217957,-13.786528096975175
3,10.0,-0.11411270662608626,-0.4000713184546403,-1.3239862525488555,-3.587283566470461,-1.6051027424099518,-5.723543596356059,-5.482725097871018,2.4021135222623826,-45.250719158796656,-93.15215217779975,-44.99563070994131,14.050955103023808,36.79122869491319,58.2869807392912,59.81340357855095,46.036104135569055,35.32638626710381,24.100126150826004,14.455230225541367,7.421087765248619,1.7149134968861213,-3.08569434601546,-7.014858647311022,-9.469936690393984,-10.890056413497055,-12.302618515920775,-13.36510774293434,-13.18996524105146,-12.626312417913931,-12.063761578465238
3,11.0,-0.6066450567712385,-0.8102329372681926,-1.5506670106481377,-3.3716530186932085,-1.0775193565954342,-4.504206430724008,-4.271636971505071,2.6952971965009933,-45.69273231986958,-94.84178007152892,-46.23699159611085,12.361018132915248,29.899177610054796,51.64592655614593,61.261644179137946,51.82814085224904,40.572766068305455,28.242950244783824,17.583397318099497,9.811911741992853,3.18427331840696,-2.3608780491774275,-6.637284148637889,-9.567232352050727,-11.32090797020498,-12.597840815215697,-13.403801097179,-13.287522525279782,-12.984220963745916,-12.631359710702956
3,12.0,-0.21841977460544748,-0.26223915107776735,-0.7652555279401398,-3.1728745550849298,-0.9819330085179545,-4.920030225684583,-5.3308168397756654,3.114163785367757,-46.487511461810506,-98.129120216642,-47.2088164816848,14.121063139661562,33.13113802779244,55.52123526337003,62.41786444804835,50.22976390322456,38.480530971183676,26.39761977305496,16.24915269070186,8.503422051475182,1.643501700828201,-3.3752153262350704,-6.882306022358629,-9.840206241956917,-11.972636571430874,-12.831992894846165,-13.04067866837924,-12.796768010265344,-12.20256375970399,-11.833238448703776
3,13.0,1.016462552585071,0.5704080000256786,-0.8346252073872626,-4.94474148180613,-2.61752539648188,-7.61107106459373,-7.185700971791135,4.294275352792879,-56.01739570450473,-118.81442679240592,-58.31797950875961,16.618728503979856,43.15001630234765,68.8518301386806,72.78204411801725,57.61397183858743,44.7362659561849,31.087301753736234,19.652920762336084,10.583570181230893,2.602341174074151,-3.6371028254052695,-8.331333225093443,-11.321874698611445,-13.565257581523971,-15.244626911764474,-15.187017558103062,-14.488974555963201,-14.615661512904019,-14.103890070365662
3,14.0,2.492115288113474,1.36395894849356,-0.07748548676921577,-3.6496342623891485,-2.803451151745193,-9.155877485471992,-7.848680421184905,1.7340089027077301,-58.35927973539522,-117.52381260431214,-60.53012800269826,10.41820483526796,38.620768897908285,66.14179564612047,72.42170932049957,59.23733174233882,47.0483651114196,34.060763338384795,22.594543831499966,13.074112196439355,4.833926673849699,-1.5687581383097464,-6.669548382966149,-10.136680851992155,-12.718053457171491,-14.843807277296124,-15.448372893192008,-15.623338667909621,-16.0862305102441,-14.967457814099607
4,1.0,3.268591708799213,2.6637363207287064,1.7063821398371846,1.78662252631297,2.3460132925905124,0.40756159025542305,0.8926447590424723,-0.32872447951164635,-20.895068584146653,-37.70259030376764,-21.45075924074948,-0.03999969428337631,6.025324564493783,9.774459706628935,12.420178486827227,10.940834407222235,9.940362600818537,10.317508371760617,9.554115800944459,7.523958317312371,5.724029052136707,3.955596841887567,1.2385705606070145,-1.1376240902344106,-1.8344084910634417,-2.3004601759824936,-3.10754513473764,-3.4241642408495236,-3.4650711275720143,-3.3234535906411757
4,2.0,4.198363718642803,3.5343753681299455,2.5557862328080665,1.7340046103824696,1.4467550977447716,-0.9399401832544575,-1.472560872854974,-3.1032676319980057,-20.20956963290996,-33.79206880959128,-20.841052940975473,-4.004075087766729,1.36173645001896,5.254635035386907,8.439824337085254,9.31436739276157,9.75856060855121,9.347811802622246,8.30767849436096,7.286311251748543,6.254210246690402,5.069320841683635,3.7213355257418774,2.373445908112673,1.2618253540009847,0.44743056916674917,-0.2992072585433844,-1.0173124151928732,-1.5200199102927183,-1.9928324358210348
4,3.0,3.5863517912374094,3.290528905795019,2.7663472645824414,3.089515715824951,2.58566167970133,-1.4588241359814709,-0.9422763629019179,-3.8493346431291555,-33.454091380458486,-56.08016586922897,-35.106090083987745,-7.5731484661167086,1.9809907185463675,10.070079419729996,17.38317901290445,19.5262967484564,20.116314448905158,19.416431946654388,17.75275341895209,15.558790617329066,12.499585385684725,9.493353923557494,6.907075638874305,4.419690364177204,1.7808177265914487,-0.6179442218723284,-2.1501308532946095,-3.0329249196286048,-3.9780376837831217,-5.161054475583568
4,4.0,4.371914389549059,3.558273663157169,2.2705556412526566,1.9348062011229405,1.8153011271156778,-1.1397838239175564,-1.2446940922668204,-1.700072965642445,-19.799498287265212,-34.80437208965415,-20.247696436469667,-2.422718455630794,0.7273786733714503,3.1049784013575077,6.444507678263289,6.914223545008863,7.00992466184959,7.405286463005228,7.4216488730779275,6.822470818052884,6.265510987077545,5.854480397430812,4.680261951249753,3.538893229800886,2.790702876245067,1.7913999505157336,1.2178502980634187,0.7579485284792254,-0.12159018387972521,-0.8004761634971089
4,5.0,5.341485196587161,5.483917121466499,4.181892093452061,3.539598174778394,3.537059177719397,-0.964432225829166,-0.3864962693602056,-0.5855000912151376,-28.58545089862676,-51.28363532323137,-29.60867629273741,-3.8145574159686495,-0.17597375253455783,3.438455403743205,9.740536770266626,10.90247835272562,11.517259338929561,12.964877136454731,12.598051505283008,11.490801618097032,10.686008910925645,9.255844697296968,7.439574252067995,5.6571354866188,3.8741113743759406,2.6608170114045837,1.3582810013165503,-0.16390227614484218,-1.030641869665555,-2.601234719379448
4,6.0,4.199742019205118,4.7710682113119285,3.618282633898021,4.18804075748862,4.825644207223351,-0.6161617069276637,0.5604746591064053,-0.7414697508340575,-32.38956851226657,-56.564443303555365,-34.556409761440335,-5.703084810758019,2.157150191963405,5.986422998564037,12.123816875544184,14.497276873251588,14.626172197202443,16.51501474125595,17.475261486044296,15.545195027646736,12.817370148496671,10.002343428650853,7.929172012606241,5.800920468238742,3.106484616427997,1.3199402975841807,-0.6481959167862388,-2.795306809998978,-3.602676521043047,-3.443012784074927
4,7.0,3.4939605776395757,3.454564207158829,2.0294383459583725,1.4782277889082482,2.5093824651939123,-2.3315050625113156,-1.7331369179153122,2.2581660058433375,-25.0089148657789,-50.18146314705343,-26.83827467851857,-0.44241855997204976,3.2862808328797426,9.071284491324754,15.140421863861897,15.526920105058608,15.790676414598193,15.24729012005872,13.025633244173815,10.565596248348449,8.160701011156574,5.6913775896096315,3.412612395639571,1.8613570467562714,0.2975644844990793,-1.3958212233833807,-1.902196350979704,-2.494647811523747,-3.629782087458542,-3.907509306658534
4,8.0,4.430297527068812,3.502214428892532,2.3674377698613975,1.7115456885942144,1.410525841246907,-1.2094291214080433,-1.8721016323059982,-3.101573432709953,-19.222275744237688,-32.31401942989902,-19.388289269072622,-3.0134548548966524,0.9252187479693643,4.08272335826532,7.425644110152353,7.698474000938103,7.780385819659484,8.141735254219242,7.7241380742888595,6.762719572902112,5.884009759502627,4.8115529396490055,3.700258367415562,2.939021892620032,1.9834205589999492,1.0810585039832108,0.5274148470382369,-0.1242576694077242,-0.7719642527762108,-1.0990415041835533
4,9.0,5.551611681536762,5.400354694804176,4.7089584591672775,3.7100534882280702,3.346120929806145,0.5681947387509356,-1.4399862210374341,-5.297423569112921,-25.304655078506954,-40.64393053618466,-26.04343692592223,-6.466719712722993,0.3938135162302359,5.7134437919635275,10.237886707539458,11.27210050584371,11.465488355204785,11.252077928989108,10.331384797915103,8.919053200970394,7.38235877707342,5.854895486224807,4.2858216878154325,2.807904796355776,1.540410875255601,0.6362208108691477,-0.08226162803078407,-0.9078706628811762,-1.6159539880608453,-1.9910312325947181
4,10.0,4.707699356401173,4.155829986706219,2.6183749177566864,2.0131394496394037,1.6648444723969575,-1.428267245809053,-2.2105625732895415,-3.677500140902452,-20.73979861515842,-34.52277959796339,-21.18710848434591,-4.18380965790721,-0.048932853731256325,3.650449907416054,7.8101641140205,8.491115572881261,8.746292802203472,9.057676460415154,8.430407548067683,7.479188895332738,7.058968295830518,6.341192335772376,4.805444125802946,3.741408629371707,2.6608246669373017,1.2052429057017395,0.5395653961519264,-0.0995167244281529,-1.2410743671538909,-1.8845048913442555
4,11.0,4.154512449000212,4.245848769781614,3.4212988426039357,2.980973172020356,2.948800045613875,0.23280154891226237,-0.7283950990070892,-2.3025071387206943,-19.225094899871873,-33.07285747857601,-19.277637169274108,-1.6022329411308078,2.073383530042363,4.748236733028634,8.399160784945716,8.977302333799445,8.921231034872049,8.58013589297953,7.241917006954988,5.543339144672394,4.181865885155506,2.984066236416694,1.8986253174307788,1.387703457201633,1.0588914637592945,0.7737521253528769,0.7941971919349686,0.3083286236684075,-0.7246913951306798,-1.5054092181365564
4,12.0,4.053369602081831,3.481422744439963,2.5341991277768736,1.8615132313581018,1.4082879037103142,-0.805413652718011,-1.7386600840825457,-3.7669645827732645,-16.900444503888846,-26.98843154655414,-17.150122429760444,-4.093187639489309,-0.29638069215116525,2.139517844851781,4.994584713878295,6.0287727795269515,6.454544703580797,6.76710256383594,6.551744602714039,5.947898038680833,5.554730839845673,5.08101199355433,4.072268930922219,3.2237696309274586,2.618407490600557,1.6667612361026665,0.8008892770293529,0.29556312477893787,-0.38122803629901536,-1.0872201127155792
4,13.0,3.5190106096817333,2.8377252696348747,1.7423622620200467,0.8528779597309971,0.6895424987885754,-2.1032569595485016,-2.5127147468868376,-2.9367291737633594,-20.868361935061998,-35.885308213043444,-21.58203304007337,-3.769282077014275,1.3538161760356793,6.470959273008647,11.013627821628685,11.975961761243559,12.26900052448974,11.857751096545918,10.514544564524888,8.81133927547476,7.031889332353266,5.161413005569761,3.327347638151129,1.8681074335660377,0.6820845394072527,-0.5157460300176527,-1.5435522365910592,-2.13938571702539,-2.6211492954723217,-2.829381433250051
5,1.0,0.23467163896087379,0.031950712166682674,-0.2720493154987616,-1.0729129480805673,-0.5506711061236905,-2.7658942360724668,-2.884375585689176,-0.5928805744181819,-22.55781639812799,-45.0636620507013,-16.820695976121353,27.382797228497733,39.62063295009139,32.51675137925261,22.748075107565796,13.293202133036242,5.861315143745433,0.6786009469743086,-2.311674847638828,-4.532073447401633,-6.202064992441771,-6.981908103119658,-7.591381831053578,-6.906527988823006,-5.123332584543636,-4.395627191584129,-3.9116230168591746,-2.928338190007245,-2.2947397990352014,-2.032174744719247
5,2.0,0.8025171014734882,0.7012455925598596,0.1317508439688834,-2.042174337353513,-1.0136720007613444,-5.850843843648915,-4.87833463584347,-1.1153178979301521,-52.6242112895631,-100.89346718581815,-50.24115945263688,31.251813692268087,69.76549434982248,67.47572899792722,45.427141292391525,30.540480677463957,22.19597910818527,14.520119051913216,8.455814749414268,2.1131086188318724,-2.4047966867382775,-5.575953014230561,-7.555944856036607,-7.646888170923084,-7.83523060612038,-8.551701209192174,-8.804541410416286,-8.406304451505175,-7.709161304363757,-6.838738450717565
5,3.0,-0.0031576002624598082,0.7449194141780384,-0.7487448622370976,-2.421473711095556,-1.8643529077154801,-5.29366213222478,-3.1853377818519393,-0.3384447611121086,-37.77600464250703,-71.77728501610859,-34.61702588538112,20.51369753616681,41.808435258737255,43.50953299712075,37.673516572350934,31.989120592823355,26.579588019918862,18.048952725553697,10.77747219862983,5.783534180246582,0.5310191436670985,-3.701172550121405,-5.61438059200846,-7.168091158061892,-8.17903829357544,-8.567920884888034,-9.276928911941802,-9.574730852399313,-9.421702144148682,-8.841000309158606
5,4.0,-2.379748803299673,-2.66827165516514,0.18291069088384843,-0.09540661354219508,1.3019169376998114,-5.578732580689619,-9.850303078057417,1.6498771963318175,-46.05850285276507,-102.02334584905722,-38.91730851954958,41.492764026052896,54.17826396995344,52.85748929134738,47.35774463369443,35.65291701235275,22.811396118191944,11.89503060093727,7.521553683359381,3.7447320937500708,1.083780494665943,-2.0489897562131736,-6.675999735193352,-7.98221328342975,-8.815652613984318,-9.537459632021783,-7.882040002919914,-7.236959925415192,-7.488182132438191,-7.154827168724742
5,5.0,1.2843161934598688,1.912944460026509,1.0456424119864307,-1.5077929751792443,-1.09531049757906,-5.241323903667543,-4.79119835314282,0.02763267186803776,-36.07311919062377,-70.77146635919257,-35.71947076502884,11.906451213087124,29.390404497088547,36.80376064708812,37.91694898799958,33.44426282735156,25.60217118919975,18.358451861330053,13.643077467683979,8.202027815144799,3.059357604075734,-0.782443102132131,-3.583545506880351,-5.7303962820411956,-7.065568457099629,-7.384953946785157,-8.23610315071609,-9.465800186431746,-9.345745090245655,-7.9561979762115325
5,6.0,0.46429824634064365,0.69931001136266,-0.7689728263893562,-2.0724516711951866,-0.6646748270317339,-4.260440435682335,-2.765132391650634,-1.2743459441147003,-39.55260062681097,-72.55945182527736,-39.76439333297951,7.5665872503479505,30.28218678574021,42.516146679363715,44.162594166278026,36.969624355333266,28.751856893541596,20.778682558103764,13.838110287861998,7.8974564528625955,1.9538702496880012,-2.104824798993278,-4.586499339831518,-6.536110722555006,-6.9798249706819515,-7.68946490674125,-8.18505496350953,-7.490496162552467,-7.614099694108123,-8.31044484858653
5,7.0,1.3037866731453827,1.0940917409710536,0.5349441878815842,-2.6892959840810957,0.47348812164393245,-3.134288572000845,-6.5321742979106885,1.2909678636089361,-50.022450479271086,-104.75396257727492,-44.53724374707523,39.29214496250273,62.650475494652284,57.90241909606369,46.356488584546774,35.27059821522695,21.948911524248164,12.155910490726095,9.116413042599511,3.7089680799532068,-1.7126780329907962,-4.252001080966541,-6.620570937523729,-8.9860153068622,-9.848812735558809,-9.558059003029424,-9.335330891097108,-9.45982550364466,-8.857367627049257,-7.088388289810558
5,8.0,0.3590477548021043,0.8536034006755723,0.246948505493883,-1.1144806249555708,0.25992647450961975,-4.680612272234251,-3.4973788224783187,2.8093627997666193,-36.963712772695175,-75.17988932182892,-38.6533430315988,9.772786111032094,25.828998083845757,32.74314289540952,35.070782753515125,32.43038647246722,26.94513632335911,21.356760423103008,16.448952761640818,10.837904169596834,5.80696057463127,1.519738353345511,-1.659265797091068,-4.089599677479249,-6.141296672625256,-7.145281168960643,-7.994031954730952,-8.363643287853014,-7.759268705742645,-7.750303869292018
5,9.0,3.5990511044358087,3.217327187347306,3.2676507143930467,1.4391201263490974,1.5741837762505286,-2.598266859796801,-3.5093122461011634,0.21365478365077886,-41.406498036806774,-83.79744192072859,-35.547337604700076,36.76303850047263,53.62102718781431,44.60113998252733,37.781370640733094,26.520723017283743,13.38195451631171,8.270990871678851,5.630849642005164,0.20623617319048368,-4.030014576782368,-6.095723837202329,-6.898759570854435,-6.36821755027839,-6.201547059692188,-7.332886228601003,-7.501574623678845,-6.591437454898544,-6.971067433665394,-7.494203663154887
5,10.0,-0.22785354652782822,-0.4584812063356137,-0.8220408150427679,-1.81377321681498,-0.5994660430679276,-3.9179904626182753,-2.9424704264187405,1.2697743038790368,-30.6777060396595,-61.604375072015806,-30.995723165878402,10.606943439274815,23.631769758826206,29.91817108032834,32.652568377524794,28.858075097309865,23.743948240686546,19.04097754587422,13.965553627765697,8.209001815250492,3.5281581762026093,0.1796936718349971,-3.0763317550364815,-5.3757515635981346,-6.552412858315052,-7.447800318748611,-7.63060946212858,-7.634205581856444,-7.513039086185227,-6.864022576126132
5,11.0,-0.09637528063970394,-0.07985778063933657,-0.4287856222993701,-1.8126475605342147,-1.3797207655694927,-3.6569502322302196,-2.215287998547374,-1.1541658834848756,-30.571369212836466,-56.337112364224794,-30.087618791818574,10.022619421223773,27.540055192428525,32.18755336279867,32.858575737668424,28.97275934751384,21.607204381829145,15.882297019695786,10.941020745255745,4.861221746235295,0.10101070775641571,-2.5243425904615093,-4.507606656555731,-6.52489738319491,-7.049587041878115,-6.473232668093254,-6.405526524179165,-6.518994894588039,-6.166463579764827,-5.444870192635399
5,12.0,2.86673030875764,2.9076316369672566,2.1342681296710424,-1.0089387572744921,-0.4237592957427031,-3.609982398631335,-3.9380922728298495,1.6439007974994266,-39.28018562608391,-81.85632885069414,-33.756405671905036,35.726803396611636,51.964326227060035,44.618707988037336,36.29661841670223,24.187405834625793,13.230266282398002,8.868713822184391,4.871879739856866,-1.0530418491546807,-4.912672733532106,-6.514630276827733,-7.489056863003368,-8.646355315459012,-8.890166536416684,-7.594726868308259,-6.342366285552547,-6.110379956760714,-5.915489561293189,-5.104909014696007
5,13.0,2.3794358468448187,2.57515572934482,2.636046728729528,1.6175169058487213,1.2771035927394965,-2.569038165371697,-1.3533959272620666,-0.5554643080109519,-37.778787459954756,-71.55048879572895,-33.55186206910294,26.861623527290295,47.46848605177833,43.94022658731667,37.192397113843484,25.05388839321873,12.541285978828922,7.223811971475936,3.913866750633042,-0.6328163039350797,-3.873366563426755,-5.392057098800595,-5.977201663127253,-6.494956702826157,-6.988090698070277,-6.821698939985118,-6.309072541789257,-6.319538626550301,-6.07956110086195,-5.123784634233132
6,1.0,2.843622556935125,2.7644724573321073,2.021655447272992,1.949674239030005,1.949742202899644,-0.2639115636999639,-0.23496558822861416,0.18051763296190113,-11.133878445451465,-20.951099278892826,-11.342681294235188,-0.2094733630912244,0.21562126900334533,0.9171852346251139,3.2845832005526536,3.4310863172445267,3.368636716329418,3.810209458029503,3.4756922345131267,2.7541301689386706,2.653002343466256,2.4572652232508547,1.7809433532749508,1.457195404163181,1.2670654672916801,0.7002769106278289,0.22460234802697404,-0.03412542027157894,-0.2581165651878965,-0.3798326529154447
6,2.0,3.604645451540484,3.289451121664493,2.5323856548881003,1.7756072568255132,1.4272173111885575,-1.3705139723187194,-2.2866834380393204,-2.2566139420878257,-17.175002824284782,-30.390649303263082,-17.494686675544422,-1.621508252794598,1.6414693640280542,4.531020904265495,7.860420012182161,8.722576331018493,8.89782145697041,8.493421838625855,7.5049458502018656,6.408948454329655,5.582189709868879,4.512842048264366,2.968072977628131,1.6888424194888108,0.7827348162116632,-0.07610344502213534,-0.8142517609159777,-1.3235737350748134,-1.6566485724057636,-1.8260370927566074
6,3.0,3.713545652666595,3.372647954036053,2.460337158176678,1.328789214607605,0.7584605160971095,-1.60410188372251,-2.6997693694191622,-3.844340660590215,-17.431326648610664,-28.772122342210704,-17.501155605430146,-3.154898212988455,0.4379711392067844,3.861839633672592,7.780277008921313,8.463000251978238,8.195353000206076,8.346947282711346,7.993905760130883,6.641315699754737,5.541239760684172,4.87829046876809,3.513133966421468,2.004452936473397,1.108040816942754,0.5045229821551586,0.29817650382529015,-0.07361066790182123,-1.0460035877915135,-1.6202451574914236
6,4.0,3.779725680061668,3.508780146591425,2.5114586019748084,1.3179537842227351,0.8016304118381612,-1.396875567579646,-1.7288720284171017,-2.422345604929305,-16.31110612072318,-27.765380087711666,-16.601988543370908,-2.7011798178844657,0.34970758921806505,3.3506550424235937,7.053375459282482,7.715796471101941,7.545678877033353,7.493121000578036,7.00022566410965,5.9599443236428575,4.773454753418976,3.8924375775430566,3.128167120906612,2.4070978113129655,1.6701179430572552,0.6719172517563603,-0.11810712199558995,-0.6020473135715316,-1.1925998643539133,-1.8129719382171356
6,5.0,3.2690098947598245,2.9540668000347186,2.3282551252213146,1.6970799815138395,1.4274677493394254,-0.6411192227244462,-0.9715463891004413,-1.8484510968189818,-16.87235776729889,-29.331040944127306,-17.114824368171597,-2.0010015691530887,1.103691118826153,3.817335307182267,6.940086974619725,7.264338478705013,7.005610710172431,6.89272900716777,6.525724812490297,5.58644398854574,4.902295439696364,4.454076670436229,3.3651805905723,2.337290928511336,1.6988262085507144,0.7732359149848997,0.05074450325506145,-0.016124760932006873,-0.6124383722620165,-1.668217354399722
6,6.0,4.164140893961043,3.729698773509999,2.7557106022275097,2.012584988734337,1.6862836146936349,-1.2907472168019711,-3.1935832638109023,-4.499687667670732,-18.607311174034734,-30.74517987073694,-18.470493106473807,-2.641514669419508,1.1464696607485552,4.45388412772802,8.181419765814809,8.772281304525672,8.581242508467962,8.425261437583604,7.782036938855186,6.539194876338481,5.63623096692972,4.920810660806069,3.4664274961568973,2.2694967826212893,1.423772283215034,0.2061094146304392,-0.504146843024624,-0.9583255282400892,-1.595042961773609,-1.7755364318539728
6,7.0,3.2110743955853147,2.949586501599041,2.2900173831129593,1.7612447026814493,1.3206498828575695,-1.2649091114612008,-1.3821907863237999,-1.8887132334349874,-17.178953887576867,-29.795192091021292,-17.78332215212864,-2.7252210031726105,0.9732940089935692,4.079079988787874,7.226757833816715,7.639925414495838,7.4695459167453455,7.207770432604982,6.393292579788136,5.292427793714424,4.972871891326803,4.735408468315345,3.5627116270871464,2.4891277550317805,1.6804997363365575,0.8642497159931757,0.3273859596319224,-0.44078073833084497,-1.1921800333673385,-1.471193157767088
6,8.0,2.7378761681961183,1.936527404487328,0.5428727249079393,0.2793372584304021,1.4805684642613806,-1.6965143571023107,-2.1288708208694187,1.0430439413937602,-20.543481648289386,-41.935938430969514,-19.725008038778174,4.08317285780375,3.1057301818845295,7.448044476778271,14.896651546358383,13.589475962174035,11.78209097268564,11.443708217332011,9.347375505183136,6.216636169535619,5.281246907321324,5.184346461835633,2.6044716075563388,0.5273393705335679,0.4507511332745096,-0.037733197055534205,-1.9331547611023137,-3.8815333816471154,-3.5938135035598338,-2.7379521606906274
6,9.0,3.3663419692918306,3.0312818802563157,1.8549143979100673,1.3771489594633795,1.5098053599951318,-0.8221877332287121,-1.659037006269516,-2.4979645954592704,-17.158829714684344,-29.699739684584976,-17.174281242709075,-1.688463807800213,1.1964862896444752,4.360615343003202,7.857739453582368,7.711630801758028,7.343551427492067,7.155723073738504,6.411405556753233,5.571717435472532,5.050585441314736,4.372986820739484,3.198295403253651,2.2331464717156706,1.486926852518113,0.6732349240752764,0.014789685090219669,-0.5623401550639541,-1.0196833439679975,-1.1458619186484322
6,10.0,5.289733825045219,5.384497051720517,4.946214976763143,4.340745040917545,3.7431653317250286,0.8474355386819226,-1.7720268902771878,-5.862883034382165,-21.669639616651864,-33.52696065172736,-21.736559596088178,-5.751032459176702,-0.31826526074143296,3.9820743058583847,7.708136863977976,8.0567441374609,8.09174784157238,8.360671579967923,7.776395341025104,6.747015627620023,6.060534020080505,5.221047909556011,3.9050919878056822,2.754523087513332,1.6864724625815521,0.6382233088770163,-0.14966930170654663,-0.809895039153965,-1.2445506110766276,-1.446586691349286
6,11.0,2.684440173255271,2.4643860447659525,1.7707913155570856,1.3988417892899279,1.1716783370356465,-0.972305210083753,-1.071117632976354,-0.5379251018941428,-12.630986073215565,-23.553558365023264,-12.518452181192105,0.4019095773124702,1.020609303962101,1.9002638512671075,4.28248202338079,4.148344245812684,3.962408741485709,4.279846465541205,4.0063154711325355,3.3818899491543517,3.2650093531663757,3.1494371860871624,2.4276716456995424,1.8387658813053278,1.474622260917734,0.9360173676246115,0.6003469707232841,0.3353882506861467,-0.19514580067770657,-0.48915971525584667
6,12.0,2.7433629952514904,2.5351015203055933,1.9475771478713861,1.3774494456700008,0.9707161308952534,-1.500385570161724,-2.0653307343585348,-2.3288979295589116,-16.770551187270033,-29.353761811842475,-16.813851842274506,-1.096237729670589,2.4771749064138633,5.707863426645934,8.901259095774648,9.147763452074136,8.983015184436757,8.4949200338967,7.445746949920559,6.057187105856707,4.650000486468769,3.454456683965816,2.3568005314770724,1.3629177631401812,0.4918884134057988,-0.2595910979767962,-0.876423460336108,-1.354259163344622,-1.836067352734975,-2.2277826358281083
6,13.0,3.0540237382376683,2.6268568560803343,1.7231746546348343,1.36184057313226,1.1578618355498074,-0.7339125093217834,-0.9613656639900126,-1.2294231430687825,-12.165877171072637,-21.46199964315403,-12.2691823163913,-1.1527845828602428,0.340600294985798,1.8382023622642696,4.1479849998898555,4.22881887445982,4.076904249959664,4.220576267234151,3.9766012546410723,3.4380466226089266,3.164672357888695,2.825108095532211,2.1072217758272047,1.6786856182736078,1.4351901621770595,0.9545780049761183,0.5746915331066825,0.4023724439461864,0.05270650120350644,-0.45610319176732933
7,1.0,1.2513936315818095,1.0514062774767716,0.563495648536299,-0.7699948284988327,-0.3115096121955906,-1.805805720637007,-1.8271013407845733,2.7839735727623838,-12.229363319652695,-29.64778323177141,-10.340375986792251,13.73882020489703,16.9280095666978,15.991742885423514,13.181279092722983,8.320181968900501,4.933652436867689,1.930173043512811,-0.2125827018425576,-1.2629033836901034,-2.0277866643759777,-2.594331791428689,-2.6848527901680064,-2.5744384886478846,-2.5139757585912634,-2.3225789042911207,-2.077638438682176,-1.885801622526755,-1.5125180072984892,-1.2230612870714008
7,2.0,1.6987183727722384,1.9941262808488291,1.5851327782264966,0.5842542955949521,1.7077228224607224,-1.5713940894466374,0.6223846001349154,10.358425491419318,-9.955156305138422,-33.626099120516,-9.05979296717299,19.403635003460398,17.44848192550485,10.630283252482771,6.982374617242197,2.52998649254903,-0.7878838829945906,-2.89789118738033,-4.00542007101948,-4.305437517644865,-4.272369470866327,-4.003452423516324,-3.1111056519116267,-1.6097132131180292,-0.42222117783701696,0.10446273223168136,0.5772464879913806,1.1165170214304942,1.3519613337251732,0.9397137714043584
7,3.0,0.4027997857053433,0.9854498734097777,0.6473302489947798,-1.3871682828888112,1.9981842239437064,-4.514009512027323,0.19504813264112092,26.841891195962706,-16.633051142833647,-72.31711861759554,-13.348956892585134,47.148249934221774,34.10545897821875,20.422745607757843,14.276126362331603,5.042259873257449,0.3566714823874876,-3.620649697671598,-5.832893190492422,-6.231716346809393,-6.137447564520359,-5.585148729701346,-5.149418898707745,-4.6228718798540775,-4.063773210400925,-3.379215568755839,-2.5212536823923877,-1.896842498399458,-1.4337192366004032,-1.0036625127750507
7,4.0,0.548724404849117,0.8547287462237849,0.49191718333754325,-0.780528792692785,1.3457567380626168,-3.050701472893952,1.4597637965782557,18.95849581846154,-14.538815634999361,-54.81886603806771,-11.464799258549117,35.03594181811852,27.228896978527207,16.25784134817137,11.183329207737229,3.9465638716655307,0.060816990217575195,-2.735744559311004,-4.589600659730272,-5.242702537427224,-5.233291877107585,-4.606585937075517,-3.9994731636260896,-3.4088131187542623,-2.7786001082696727,-2.317859889434623,-1.9021878870584792,-1.451058532020742,-1.1519110759340965,-0.9723541081058111
7,5.0,0.620076380966482,0.8000320532905443,1.1699758748300955,-1.1234397204554243,1.0603582905357498,-1.89825866985081,-3.0291086118822173,14.757132248754145,-9.995770118807206,-48.64432472462344,-3.167562382033178,40.86856242071471,22.817197684200483,10.385434836364382,7.287894288252353,-0.08002621672051057,-1.955610631714373,-3.0913232821724534,-4.24753352311891,-4.226572274377962,-3.9636694465675286,-3.5311988053179983,-2.9832747721551613,-2.4628189387699635,-2.216061663389922,-1.67816722688215,-1.3678304079292494,-1.5575420620000002,-1.350470676552235,-1.0932340631217017
7,6.0,-0.9662477003928834,-1.0422928039630097,-0.6346297133451332,-2.7347754553610057,-0.37522407009531866,-3.0652825746586765,-3.748678003896158,13.068277797294353,-14.160443181950042,-54.888985241546514,-8.63064419489995,39.97155090453049,25.900773781571893,14.445403856667102,11.93143230096839,4.930831678805504,2.38545037080546,0.47260469239308506,-1.4117312565753615,-2.6985059036168297,-3.78709401282218,-3.58971465427983,-3.183048441406871,-3.5514963183704187,-3.463121246556388,-2.337376250132082,-1.4967686896094574,-1.2416627453573417,-1.1469844629366666,-1.2336458149407066
7,7.0,0.25913904924217857,0.5504011051800057,0.8560955426925952,-1.2306618594091356,1.4018506430214994,-2.0573144702005055,-3.07694909287617,16.005222581866025,-10.87485789915474,-52.28995663320395,-4.945330770340182,41.23002814145592,24.11023457118111,12.465227985924072,8.382827738386561,0.44717832905083643,-1.3780451620254661,-3.4065377581743173,-4.420202572695179,-3.637405399208012,-3.6467531670994275,-3.611714027594638,-3.2400723361545882,-2.738623078236438,-2.3200177732995684,-2.0656744721167692,-1.825871236412567,-1.3902301636877532,-0.8982142717418569,-0.6695701151001081
7,8.0,0.19100872920341735,-0.5258099260762815,0.01028564410809179,-1.1602179099599883,1.1180648427886148,-2.776586503390712,-3.992851135521579,14.912935210795316,-12.21032428038972,-54.09595814312342,-5.865334109310285,40.548751289384285,21.842576561334237,10.809152609238046,8.933637637012387,1.2653920469617377,-0.8577633275835709,-2.3747536200669703,-3.5549263510769045,-3.2349978339697296,-2.995714596590374,-2.702876573226878,-2.462062194862509,-2.2613387716578495,-2.0765961981141072,-1.8624390465104006,-1.6890691555391322,-1.4472848996620586,-0.9572983826828881,-0.5530684719520716
7,9.0,1.382131553217302,1.6216426867958194,1.5482923289185877,-0.6506452562371161,1.3127543524504666,-1.3171539757903254,-3.493329655739123,11.723396373015385,-8.584432872530993,-42.26550222444689,-4.48414641235916,32.50869847939136,18.292605320434422,9.53646509684682,6.669865130804289,-0.5758242222707595,-2.427965479337017,-3.078336980119018,-3.4785165825847244,-3.3500205032001764,-3.2544322369831655,-2.4987858946310935,-2.0471244175023866,-1.994835594565599,-1.7384947009593383,-1.5175831856750606,-1.1804015257395573,-0.6833312291153972,-0.39742127739169797,-0.32240034862190636
7,10.0,1.471452580907453,1.2447179293201578,1.5652850327079806,0.1467695982342102,1.950758786076003,-0.7612748004876737,-3.9101377626096383,9.715194141996207,-9.350703384218928,-41.80531049094438,-5.100260307088062,31.420077254406706,17.19224698056111,8.209899664028557,6.033530340510423,0.020599746888377003,-1.4504440765488678,-2.310840527908014,-2.3428329242269696,-1.8454422208362486,-2.2360822644502507,-2.2246133344511843,-2.053291460161878,-1.787351204492852,-1.2034655362622553,-0.7741372059832379,-0.4043837819144693,-0.4140020427634752,-0.7969797725746415,-0.6747448255274877
7,11.0,0.9529644971125832,0.6764672290910543,0.8242862714269092,-0.05038623697136656,1.2747357705087834,-0.6240699667436106,-1.728298955929815,7.5716020972136,-7.5100831409413376,-30.548482236750722,-4.30715437457399,23.21735830177745,15.26711811409637,8.648833199286777,6.281004795441113,1.382301350574848,-0.49762748302590515,-1.8498677038962819,-2.7874253245680602,-2.820592030461301,-2.665927956133172,-2.6314811871342183,-2.6759985274293885,-2.1520061385340794,-1.761420925584118,-1.8270918217713505,-1.6422816509580418,-1.3269310810517059,-0.9464468670958606,-0.4432604219825224
7,12.0,1.4496241066833495,1.5591222874737414,1.3614159306759404,0.45981184534147757,1.2931453301452398,-1.2052816558211858,-1.5164513194706182,5.431487259613391,-10.815922374251715,-31.407202950381883,-8.892276151339477,16.67208430415198,14.09400432590209,9.524183423642292,6.8183366251009625,2.25847299230055,0.10367466922481354,-0.832623221752051,-1.381212551633876,-1.558632804604861,-1.3098879353662947,-1.1404377045574419,-1.3254875430389965,-1.1322031660207872,-0.7213998359616028,-0.5564131743133499,-0.382263388144324,-0.1607407096920629,-0.08906594261304743,0.03684943831954578
7,13.0,0.8715369507384546,0.8879899231027883,0.9224378727574751,-0.0994562861555495,0.711836896418979,-1.062387808203778,-2.6588536010649624,4.5142193805915936,-9.213604701415784,-29.706761847944733,-5.13172269450474,21.738662983393912,15.753497734662526,9.525294222881868,6.665804138325596,1.8357998835188194,0.08059025340457897,-1.290352101629093,-2.0787185094878455,-2.0662055584019736,-2.3040473959384697,-2.154478696672679,-1.653372060482472,-1.3338161917446407,-1.510685880343973,-1.6568019680396486,-1.3329018514495605,-1.0291912724313588,-0.9184844165309777,-0.7831189015740158
